Time (hours),Current Slot,Peers Connected
3.863611111111111,0.064,0
3.873611111111111,0.064,10
3.8761111111111113,0.127,10
3.881111111111111,0.191,10
3.883611111111111,0.191,17
3.8855555555555554,0.255,17
3.8930555555555557,0.317,17
3.893611111111111,0.317,25
3.9,0.38,25
3.903888888888889,0.38,25
3.906111111111111,0.444,25
3.9077777777777776,0.475,25
3.910833333333333,0.539,25
3.9141666666666666,0.539,26
3.9141666666666666,0.603,26
3.917222222222222,0.667,26
3.9202777777777778,0.731,26
3.924166666666667,0.731,26
3.924166666666667,0.795,26
3.9277777777777776,0.859,26
3.9341666666666666,0.859,26
3.939722222222222,0.923,26
3.9425,0.987,26
3.9444444444444446,0.987,26
3.9458333333333333,1.051,26
3.9544444444444444,1.051,26
3.9544444444444444,1.115,26
3.9644444444444447,1.115,26
3.9655555555555555,1.178,26
3.9744444444444444,1.178,22
3.9763888888888888,1.242,22
3.9791666666666665,1.306,22
3.9819444444444443,1.37,22
3.9844444444444442,1.37,25
3.985,1.434,25
3.9880555555555555,1.498,25
3.9905555555555554,1.562,25
3.993333333333333,1.626,25
3.9944444444444445,1.626,25
3.9966666666666666,1.689,25
3.9994444444444444,1.753,25
4.004722222222222,1.753,26
4.004722222222222,1.816,26
4.0075,1.88,26
4.010277777777778,1.944,26
4.013055555555556,2.008,26
4.014722222222222,2.008,26
4.015833333333333,2.072,26
4.0183333333333335,2.136,26
4.021111111111111,2.2,26
4.023611111111111,2.264,26
4.025,2.264,26
4.026666666666666,2.328,26
4.029166666666667,2.392,26
4.031944444444444,2.454,26
4.0344444444444445,2.518,26
4.035,2.518,26
4.037222222222222,2.582,26
4.04,2.646,26
4.042777777777777,2.71,26
4.045,2.71,26
4.045555555555556,2.772,26
4.048055555555556,2.836,26
4.05,2.899,26
4.052777777777778,2.963,26
4.055,2.963,27
4.055555555555555,3.027,27
4.058055555555556,3.091,27
4.060833333333333,3.154,27
4.0633333333333335,3.218,27
4.065,3.218,27
4.066111111111111,3.281,27
4.068333333333333,3.345,27
4.070555555555556,3.409,27
4.073611111111111,3.473,27
4.075277777777778,3.473,20
4.076666666666667,3.537,20
4.079444444444444,3.601,20
4.081666666666667,3.663,20
4.0841666666666665,3.727,20
4.085277777777778,3.727,25
4.0875,3.791,25
4.095277777777778,3.791,25
4.097777777777778,3.853,25
4.102222222222222,3.917,25
4.105,3.981,25
4.105277777777777,3.981,25
4.111666666666666,4.045,25
4.114444444444445,4.106,25
4.115277777777778,4.106,27
4.1175,4.17,27
4.120555555555556,4.233,27
4.123611111111111,4.297,27
4.125555555555556,4.297,27
4.126944444444445,4.361,27
4.129722222222222,4.425,27
4.132777777777778,4.489,27
4.135555555555555,4.489,27
4.136388888888889,4.489,27
4.138888888888889,4.553,27
4.139722222222222,4.617,27
4.145555555555555,4.617,26
4.148055555555556,4.553,26
4.151388888888889,4.616,26
4.155555555555556,4.616,26
4.158611111111111,4.68,26
4.165555555555556,4.68,26
4.166944444444445,4.744,26
4.173055555555556,4.808,26
4.1755555555555555,4.808,25
4.1825,4.872,25
4.185555555555555,4.872,23
4.187777777777778,4.936,23
4.191111111111111,5.0,23
4.195555555555556,5.0,25
4.205555555555556,5.0,24
4.206666666666667,5.001,24
4.209444444444444,5.065,24
4.214166666666666,5.129,24
4.2155555555555555,5.129,25
4.2175,5.193,25
4.225833333333333,5.193,26
4.226111111111111,5.257,26
4.228611111111111,5.321,26
4.231388888888889,5.385,26
4.234444444444445,5.449,26
4.236111111111111,5.449,26
4.238611111111111,5.513,26
4.2425,5.577,26
4.245833333333334,5.641,26
4.246111111111111,5.641,27
4.2491666666666665,5.704,27
4.252777777777778,5.768,27
4.2555555555555555,5.832,27
4.256111111111111,5.832,28
4.265833333333333,5.896,28
4.266111111111111,5.896,31
4.268888888888889,5.959,31
4.2725,6.023,31
4.276388888888889,6.023,31
4.276666666666666,6.087,31
4.281944444444444,6.15,31
4.284722222222222,6.214,31
4.286388888888889,6.214,31
4.290277777777778,6.278,31
4.295833333333333,6.342,31
4.296388888888889,6.342,25
4.300833333333333,6.406,25
4.306388888888889,6.406,25
4.306666666666667,6.468,25
4.3069444444444445,6.532,25
4.315833333333333,6.468,25
4.316388888888889,6.468,25
4.324722222222222,6.468,25
4.326388888888889,6.468,25
4.333611111111111,6.468,25
4.336388888888889,6.468,25
4.342222222222222,6.532,25
4.345,6.596,25
4.346388888888889,6.596,26
4.347777777777778,6.658,26
4.350555555555555,6.721,26
4.3525,6.783,26
4.355277777777777,6.847,26
4.356388888888889,6.847,27
4.358888888888889,6.911,27
4.361944444444444,6.974,27
4.364722222222222,7.037,27
4.366666666666666,7.037,27
4.368333333333333,7.101,27
4.371388888888889,7.165,27
4.374444444444444,7.229,27
4.376944444444445,7.229,27
4.3775,7.293,27
4.3805555555555555,7.356,27
4.383333333333334,7.42,27
4.385277777777778,7.484,27
4.3869444444444445,7.484,27
4.390833333333333,7.548,27
4.392777777777778,7.611,27
4.396388888888889,7.674,27
4.396944444444444,7.674,20
4.3997222222222225,7.735,20
4.4025,7.799,20
4.405555555555556,7.862,20
4.406944444444444,7.862,26
4.408333333333333,7.926,26
4.411388888888889,7.99,26
4.417222222222223,7.99,26
4.418055555555555,8.054,26
4.427222222222222,8.054,25
4.427222222222222,8.117,25
4.431111111111111,8.181,25
4.434166666666667,8.243,25
4.437222222222222,8.243,24
4.437222222222222,8.307,24
4.44,8.368,24
4.443333333333333,8.432,24
4.447222222222222,8.432,26
4.451666666666667,8.494,26
4.4575,8.494,26
4.458055555555555,8.558,26
4.461388888888889,8.622,26
4.464444444444444,8.686,26
4.467222222222222,8.75,26
4.4675,8.75,27
4.470277777777778,8.811,27
4.473055555555556,8.875,27
4.476111111111111,8.939,27
4.477777777777778,8.939,28
4.479444444444445,9.003,28
4.4825,9.067,28
4.485555555555556,9.13,28
4.487777777777778,9.13,28
4.489166666666667,9.194,28
4.490555555555556,9.227,28
4.496111111111111,9.291,28
4.497777777777777,9.291,30
4.499444444444444,9.355,30
4.502777777777778,9.419,30
4.505833333333333,9.483,30
4.508055555555556,9.483,21
4.509166666666666,9.546,21
4.5119444444444445,9.61,21
4.515,9.674,21
4.5183333333333335,9.674,25
4.5183333333333335,9.737,25
4.521388888888889,9.801,25
4.524166666666667,9.864,25
4.526944444444444,9.928,25
4.5280555555555555,9.928,25
4.530833333333334,9.992,25
4.533888888888889,10.055,25
4.537222222222222,10.119,25
4.538333333333333,10.119,25
4.540555555555556,10.183,25
4.543333333333333,10.246,25
4.548055555555556,10.246,25
4.5552777777777775,10.31,25
4.558611111111111,10.31,26
4.558611111111111,10.373,26
4.5616666666666665,10.437,26
4.564444444444445,10.501,26
4.567222222222222,10.565,26
4.568333333333333,10.565,27
4.570833333333334,10.628,27
4.573888888888889,10.692,27
4.576944444444444,10.756,27
4.578611111111111,10.756,27
4.580277777777778,10.82,27
4.583333333333333,10.884,27
4.586388888888889,10.948,27
4.588611111111111,10.948,27
4.595277777777778,10.948,27
4.598888888888889,10.948,27
4.604166666666667,10.948,27
4.608611111111111,10.948,18
4.6130555555555555,10.948,18
4.618888888888889,10.948,25
4.621944444444445,10.948,25
4.628888888888889,10.948,25
4.630833333333333,10.948,25
4.638888888888889,10.948,25
4.639722222222222,10.948,25
4.648888888888889,10.948,25
4.649166666666667,10.948,25
4.658055555555555,10.948,25
4.658888888888889,10.948,25
4.666111111111111,11.012,25
4.668888888888889,11.012,25
4.670555555555556,11.076,25
4.674166666666666,11.14,25
4.678333333333334,11.204,25
4.678888888888889,11.204,26
4.6819444444444445,11.268,26
4.685555555555555,11.331,26
4.689444444444445,11.331,26
4.689722222222223,11.395,26
4.6930555555555555,11.459,26
4.6963888888888885,11.522,26
4.6994444444444445,11.522,26
4.699722222222222,11.585,26
4.703333333333333,11.649,26
4.706944444444445,11.713,26
4.709722222222222,11.713,26
4.711111111111111,11.776,26
4.715,11.84,26
4.719722222222222,11.84,23
4.723888888888889,11.84,23
4.729722222222223,11.84,25
4.732777777777778,11.84,25
4.739722222222222,11.84,25
4.741666666666666,11.84,25
4.749722222222222,11.84,25
4.750555555555556,11.84,25
4.759722222222222,11.84,25
4.762777777777778,11.904,25
4.765833333333333,11.968,25
4.769722222222223,11.968,25
4.7747222222222225,12.032,25
4.779722222222222,12.032,25
4.783333333333333,12.096,25
4.786388888888889,12.16,25
4.79,12.16,25
4.79,12.224,25
4.793333333333333,12.288,25
4.795555555555556,12.351,25
4.7988888888888885,12.415,25
4.8005555555555555,12.415,25
4.802222222222222,12.479,25
4.805555555555555,12.542,25
4.809166666666667,12.606,25
4.811111111111111,12.606,26
4.812777777777778,12.67,26
4.815833333333333,12.734,26
4.818888888888889,12.797,26
4.821111111111111,12.797,26
4.823055555555555,12.861,26
4.826388888888889,12.925,26
4.829722222222222,12.989,26
4.831111111111111,12.989,25
4.833333333333333,13.053,25
4.836666666666667,13.117,25
4.84,13.181,25
4.841666666666667,13.181,25
4.844166666666666,13.244,25
4.8475,13.308,25
4.850833333333333,13.372,25
4.851944444444444,13.372,27
4.854444444444445,13.436,27
4.8575,13.499,27
4.860555555555556,13.563,27
4.861944444444444,13.563,27
4.863888888888889,13.627,27
4.866944444444444,13.691,27
4.87,13.755,27
4.872222222222222,13.755,27
4.873611111111111,13.819,27
4.876666666666667,13.883,27
4.88,13.947,27
4.8825,13.947,27
4.883333333333334,14.01,27
4.887222222222222,14.074,27
4.890555555555555,14.138,27
4.8925,14.138,27
4.893888888888889,14.202,27
4.8975,14.266,27
4.901388888888889,14.329,27
4.902777777777778,14.329,27
4.905833333333334,14.392,27
4.909722222222222,14.456,27
4.9127777777777775,14.456,28
4.913888888888889,14.52,28
4.9175,14.584,28
4.921388888888889,14.648,28
4.923055555555556,14.648,29
4.925277777777778,14.712,29
4.929166666666666,14.776,29
4.933055555555556,14.776,22
4.933333333333334,14.84,22
4.936944444444444,14.904,22
4.940277777777778,14.968,22
4.9430555555555555,14.968,25
4.944166666666667,15.032,25
4.948055555555555,15.096,25
4.9527777777777775,15.16,25
4.953055555555555,15.16,27
4.956944444444445,15.224,27
4.960833333333333,15.288,27
4.963055555555556,15.288,27
4.964444444444444,15.352,27
4.967777777777778,15.416,27
4.971111111111111,15.48,27
4.973333333333334,15.48,27
4.975,15.544,27
4.978611111111111,15.608,27
4.981944444444444,15.672,27
4.983333333333333,15.672,27
4.986111111111111,15.736,27
4.989722222222222,15.8,27
4.993611111111111,15.8,27
4.993888888888889,15.864,27
4.997222222222222,15.927,27
5.0,15.99,27
5.003611111111111,15.99,28
5.003611111111111,16.054,28
5.006944444444445,16.118,28
5.0136111111111115,16.118,27
5.015833333333333,16.118,27
5.023611111111111,16.118,27
5.023611111111111,16.182,27
5.026944444444444,16.246,27
5.030833333333334,16.31,27
5.033888888888889,16.31,28
5.035277777777778,16.373,28
5.038888888888889,16.437,28
5.041944444444445,16.501,28
5.043888888888889,16.501,24
5.045833333333333,16.565,24
5.0488888888888885,16.629,24
5.0525,16.693,24
5.053888888888889,16.693,25
5.055833333333333,16.756,25
5.059166666666667,16.819,25
5.062777777777778,16.883,25
5.063888888888889,16.883,25
5.066111111111111,16.943,25
5.0697222222222225,17.007,25
5.073333333333333,17.071,25
5.073888888888889,17.071,26
5.076666666666667,17.134,26
5.079722222222222,17.198,26
5.0841666666666665,17.198,26
5.085277777777778,17.262,26
5.088611111111111,17.326,26
5.092222222222222,17.389,26
5.094444444444444,17.389,26
5.095277777777778,17.453,26
5.099166666666667,17.517,26
5.1025,17.581,26
5.104722222222223,17.581,26
5.1066666666666665,17.645,26
5.110277777777778,17.709,26
5.113611111111111,17.773,26
5.114722222222222,17.773,26
5.1175,17.835,26
5.120277777777778,17.899,26
5.124722222222222,17.899,26
5.124722222222222,17.96,26
5.128611111111111,18.024,26
5.132777777777778,18.088,26
5.134722222222222,18.088,26
5.137777777777778,18.152,26
5.1433333333333335,18.216,26
5.145,18.216,21
5.148333333333333,18.28,21
5.152222222222222,18.344,21
5.155555555555556,18.344,25
5.1561111111111115,18.408,25
5.159722222222222,18.472,25
5.161666666666667,18.505,25
5.165277777777778,18.569,25
5.165555555555556,18.569,25
5.1691666666666665,18.632,25
5.172777777777778,18.695,25
5.176111111111111,18.695,26
5.176666666666667,18.758,26
5.1802777777777775,18.822,26
5.183611111111111,18.886,26
5.186388888888889,18.886,25
5.188055555555556,18.95,25
5.191666666666666,19.014,25
5.195555555555556,19.077,25
5.196111111111111,19.077,25
5.1994444444444445,19.141,25
5.203611111111111,19.205,25
5.206944444444445,19.205,25
5.208333333333333,19.268,25
5.212777777777778,19.331,25
5.216944444444445,19.331,25
5.217222222222222,19.395,25
5.221111111111111,19.457,25
5.224722222222222,19.521,25
5.227222222222222,19.521,25
5.228055555555556,19.583,25
5.231388888888889,19.646,25
5.237222222222222,19.646,25
5.2375,19.71,25
5.243611111111111,19.774,25
5.2475,19.774,25
5.250277777777778,19.838,25
5.253611111111111,19.902,25
5.2575,19.902,24
5.257777777777778,19.965,24
5.262222222222222,20.029,24
5.2652777777777775,20.071,24
5.2675,20.071,27
5.272222222222222,20.135,27
5.275277777777778,20.199,27
5.277777777777778,20.199,28
5.279166666666667,20.263,28
5.282777777777778,20.327,28
5.286388888888889,20.391,28
5.2877777777777775,20.391,28
5.290277777777778,20.455,28
5.293055555555555,20.519,28
5.296388888888889,20.583,28
5.298055555555556,20.583,28
5.3,20.647,28
5.302777777777778,20.711,28
5.305833333333333,20.775,28
5.308333333333334,20.775,28
5.309722222222222,20.836,28
5.312777777777778,20.9,28
5.316111111111111,20.964,28
5.318333333333333,20.964,28
5.32,21.028,28
5.328333333333333,21.028,28
5.328888888888889,21.028,28
5.338055555555556,21.028,28
5.338333333333333,21.028,28
5.3469444444444445,21.028,28
5.348611111111111,21.028,28
5.355833333333333,21.028,28
5.358333333333333,21.028,19
5.364722222222222,21.028,19
5.368333333333333,21.028,25
5.373888888888889,21.028,25
5.378333333333333,21.028,25
5.382777777777778,21.028,25
5.388333333333334,21.028,25
5.391666666666667,21.028,25
5.398333333333333,21.028,25
5.400555555555556,21.028,25
5.408333333333333,21.028,25
5.4094444444444445,21.028,25
5.414722222222222,21.09,25
5.418055555555555,21.154,25
5.418333333333333,21.154,25
5.421388888888889,21.218,25
5.425277777777778,21.282,25
5.4286111111111115,21.282,27
5.428888888888889,21.346,27
5.432222222222222,21.41,27
5.435555555555555,21.474,27
5.438888888888889,21.474,27
5.439444444444445,21.538,27
5.439722222222223,21.602,27
5.448611111111111,21.538,27
5.448888888888889,21.538,27
5.456388888888889,21.602,27
5.4591666666666665,21.602,27
5.460833333333333,21.666,27
5.465,21.73,27
5.469166666666666,21.73,22
5.469166666666666,21.793,22
5.472222222222222,21.855,22
5.475555555555555,21.919,22
5.479166666666667,21.919,25
5.479444444444445,21.982,25
5.483611111111111,22.046,25
5.4880555555555555,22.11,25
5.489166666666667,22.11,26
5.493611111111111,22.174,26
5.5,22.174,26
5.501944444444445,22.238,26
5.508333333333334,22.302,26
5.510555555555555,22.302,27
5.513333333333334,22.366,27
5.520277777777777,22.429,27
5.520555555555555,22.429,28
5.526388888888889,22.493,28
5.528888888888889,22.527,28
5.530833333333334,22.527,28
5.532777777777778,22.591,28
5.536388888888889,22.655,28
5.540277777777778,22.718,28
5.5408333333333335,22.718,28
5.544722222222222,22.782,28
5.548333333333333,22.846,28
5.550833333333333,22.846,28
5.5525,22.91,28
5.556111111111111,22.974,28
5.559444444444445,23.038,28
5.561111111111111,23.038,28
5.563055555555556,23.102,28
5.566111111111111,23.166,28
5.57,23.23,28
5.571111111111111,23.23,18
5.575833333333334,23.294,18
5.581111111111111,23.294,25
5.581666666666667,23.358,25
5.59,23.422,25
5.591944444444445,23.422,25
5.594444444444444,23.485,25
5.598055555555556,23.549,25
5.601944444444444,23.549,25
5.602222222222222,23.612,25
5.605833333333333,23.675,25
5.609166666666667,23.739,25
5.612222222222222,23.739,25
5.612777777777778,23.803,25
5.6161111111111115,23.867,25
5.619722222222222,23.931,25
5.622222222222222,23.931,25
5.623333333333333,23.994,25
5.626666666666667,24.058,25
5.63,24.122,25
5.6322222222222225,24.122,25
5.633611111111111,24.186,25
5.6369444444444445,24.25,25
5.641111111111111,24.314,25
5.6425,24.314,25
5.646388888888889,24.377,25
5.65,24.441,25
5.6525,24.441,25
5.658055555555555,24.505,25
5.6625,24.505,25
5.663888888888889,24.569,25
5.6691666666666665,24.633,25
5.6725,24.633,26
5.6755555555555555,24.697,26
5.6819444444444445,24.761,26
5.6825,24.761,19
5.691388888888889,24.824,19
5.6925,24.824,25
5.697222222222222,24.888,25
5.698888888888889,24.888,25
5.7025,24.888,25
5.703611111111111,24.952,25
5.706666666666667,24.995,25
5.709722222222222,25.058,25
5.712777777777778,25.058,25
5.713055555555556,25.122,25
5.716666666666667,25.186,25
5.72,25.249,25
5.722222222222222,25.309,25
5.722777777777778,25.309,25
5.725833333333333,25.373,25
5.729166666666667,25.437,25
5.732222222222222,25.501,25
5.732777777777778,25.501,25
5.735833333333333,25.564,25
5.738888888888889,25.628,25
5.7427777777777775,25.628,26
5.7427777777777775,25.692,26
5.746111111111111,25.756,26
5.749444444444444,25.82,26
5.752777777777778,25.82,26
5.753055555555555,25.884,26
5.756388888888889,25.948,26
5.759444444444444,26.012,26
5.762777777777778,26.012,26
5.763055555555556,26.076,26
5.766388888888889,26.14,26
5.77,26.204,26
5.773055555555556,26.204,26
5.773611111111111,26.268,26
5.777222222222222,26.331,26
5.783055555555555,26.331,18
5.7877777777777775,26.395,18
5.793333333333333,26.395,24
5.793333333333333,26.459,24
5.796944444444445,26.523,24
5.800277777777778,26.587,24
5.803333333333334,26.587,25
5.809166666666667,26.587,25
5.8133333333333335,26.587,25
5.8180555555555555,26.651,25
5.821666666666666,26.715,25
5.823333333333333,26.715,25
5.825277777777778,26.776,25
5.828611111111111,26.84,25
5.831944444444445,26.904,25
5.833611111111111,26.904,25
5.835555555555556,26.967,25
5.838611111111111,27.031,25
5.841666666666667,27.095,25
5.8436111111111115,27.095,25
5.845277777777778,27.158,25
5.848333333333334,27.221,25
5.85,27.221,25
5.8533333333333335,27.285,25
5.853611111111111,27.285,25
5.8566666666666665,27.349,25
5.8630555555555555,27.413,25
5.864166666666667,27.413,26
5.868055555555555,27.477,26
5.871666666666667,27.541,26
5.874722222222222,27.541,27
5.875277777777778,27.605,27
5.878611111111111,27.669,27
5.881944444444445,27.733,27
5.885,27.733,27
5.885555555555555,27.796,27
5.888888888888889,27.86,27
5.892777777777778,27.924,27
5.895,27.924,23
5.896388888888889,27.988,23
5.899444444444445,28.052,23
5.902777777777778,28.115,23
5.905,28.115,26
5.9061111111111115,28.179,26
5.909166666666667,28.243,26
5.912222222222222,28.307,26
5.915277777777778,28.307,27
5.915555555555556,28.371,27
5.918888888888889,28.435,27
5.921944444444445,28.499,27
5.925277777777778,28.499,27
5.926111111111111,28.563,27
5.929444444444444,28.627,27
5.932777777777778,28.691,27
5.935277777777777,28.691,27
5.9366666666666665,28.755,27
5.94,28.819,27
5.940277777777778,28.883,27
5.945277777777778,28.883,27
5.949166666666667,28.819,27
5.955277777777778,28.819,27
5.958055555555555,28.819,27
5.965277777777778,28.819,27
5.967222222222222,28.819,27
5.9752777777777775,28.819,27
5.976111111111111,28.819,27
5.985,28.819,27
5.985277777777778,28.819,27
5.993888888888889,28.819,27
5.995277777777778,28.819,27
6.002222222222223,28.883,27
6.0055555555555555,28.883,22
6.0075,28.947,22
6.013333333333334,29.011,22
6.015555555555555,29.011,25
6.0183333333333335,29.075,25
6.023333333333333,29.139,25
6.025555555555556,29.139,25
6.026944444444444,29.203,25
6.03,29.267,25
6.033611111111111,29.331,25
6.035833333333334,29.331,25
6.037222222222222,29.395,25
6.041944444444445,29.459,25
6.046388888888889,29.459,25
6.049722222222222,29.523,25
6.055555555555555,29.587,25
6.056388888888889,29.587,27
6.059166666666667,29.651,27
6.0625,29.715,27
6.064444444444445,29.749,27
6.066388888888889,29.749,27
6.073611111111111,29.749,27
6.076388888888889,29.749,26
6.0825,29.749,26
6.086388888888889,29.749,26
6.091388888888889,29.749,26
6.096388888888889,29.749,26
6.1002777777777775,29.749,26
6.106388888888889,29.749,18
6.1075,29.813,18
6.110555555555556,29.877,18
6.113611111111111,29.941,18
6.116944444444444,29.941,25
6.1177777777777775,30.005,25
6.120555555555556,30.069,25
6.123333333333333,30.132,25
6.126388888888889,30.196,25
6.127222222222223,30.196,25
6.129444444444444,30.26,25
6.1322222222222225,30.324,25
6.134722222222222,30.388,25
6.137222222222222,30.388,25
6.1386111111111115,30.452,25
6.141388888888889,30.515,25
6.143888888888889,30.579,25
6.145555555555555,30.579,25
6.147222222222222,30.579,25
6.157222222222222,30.579,25
6.159722222222222,30.643,25
6.165555555555556,30.707,25
6.167222222222223,30.707,25
6.175277777777778,30.771,25
6.177222222222222,30.771,25
6.185,30.835,25
6.187222222222222,30.835,25
6.190277777777778,30.899,25
6.196111111111111,30.963,25
6.197222222222222,30.963,26
6.201666666666667,31.027,26
6.205,31.076,26
6.207222222222223,31.076,26
6.208333333333333,31.14,26
6.211666666666667,31.204,26
6.215,31.268,26
6.217222222222222,31.268,25
6.218055555555556,31.331,25
6.221388888888889,31.395,25
6.226666666666667,31.459,25
6.227222222222222,31.459,25
6.233611111111111,31.522,25
6.237222222222222,31.522,25
6.242222222222222,31.583,25
6.247222222222222,31.583,25
6.2508333333333335,31.646,25
6.2572222222222225,31.646,25
6.259722222222222,31.71,25
6.265,31.774,25
6.267222222222222,31.774,25
6.268611111111111,31.837,25
6.271944444444444,31.901,25
6.2747222222222225,31.965,25
6.277222222222222,31.965,25
6.2780555555555555,32.029,25
6.280833333333334,32.093,25
6.284166666666667,32.156,25
6.287222222222222,32.156,25
6.2875,32.22,25
6.290277777777778,32.284,25
6.293333333333333,32.348,25
6.2972222222222225,32.348,25
6.302222222222222,32.348,25
6.307222222222222,32.348,25
6.311111111111111,32.348,25
6.317222222222222,32.348,18
6.320277777777778,32.348,18
6.327222222222222,32.348,24
6.329166666666667,32.348,24
6.3372222222222225,32.348,25
6.338055555555556,32.348,25
6.3469444444444445,32.348,25
6.3475,32.348,25
6.356111111111111,32.348,25
6.3575,32.348,25
6.364444444444445,32.412,25
6.3675,32.412,25
6.3675,32.476,25
6.371944444444445,32.539,25
6.375277777777778,32.603,25
6.3775,32.603,25
6.378888888888889,32.667,25
6.381666666666667,32.731,25
6.384444444444444,32.795,25
6.3875,32.795,28
6.387777777777778,32.858,28
6.390833333333333,32.922,28
6.393888888888889,32.986,28
6.3966666666666665,33.048,28
6.397777777777778,33.048,29
6.4,33.112,29
6.402777777777778,33.175,29
6.405833333333334,33.239,29
6.407777777777778,33.239,30
6.4094444444444445,33.303,30
6.412222222222222,33.365,30
6.415277777777778,33.429,30
6.418055555555555,33.429,30
6.418611111111111,33.493,30
6.422777777777778,33.557,30
6.428055555555556,33.557,25
6.428055555555556,33.621,25
6.429722222222222,33.621,25
6.438055555555556,33.621,25
6.438611111111111,33.621,25
6.4475,33.621,25
6.448055555555555,33.621,25
6.455,33.684,25
6.458055555555555,33.684,25
6.458888888888889,33.746,25
6.464166666666666,33.81,25
6.468055555555556,33.81,25
6.472777777777778,33.874,25
6.4783333333333335,33.874,25
6.478888888888889,33.938,25
6.481944444444444,34.001,25
6.485,34.065,25
6.488333333333333,34.065,25
6.488888888888889,34.129,25
6.4925,34.193,25
6.493888888888889,34.193,25
6.498611111111111,34.193,25
6.501111111111111,34.257,25
6.504722222222222,34.321,25
6.508055555555556,34.385,25
6.508611111111111,34.385,25
6.5119444444444445,34.449,25
6.515555555555555,34.513,25
6.518611111111111,34.513,26
6.519166666666667,34.577,26
6.522222222222222,34.641,26
6.525277777777778,34.705,26
6.528888888888889,34.705,27
6.529166666666667,34.769,27
6.5325,34.832,27
6.535555555555556,34.896,27
6.538888888888889,34.896,24
6.539166666666667,34.96,24
6.541944444444445,35.024,24
6.545,35.088,24
6.5488888888888885,35.088,25
6.554166666666666,35.088,25
6.558888888888889,35.088,25
6.563055555555556,35.088,25
6.568888888888889,35.088,25
6.571944444444444,35.088,25
6.578888888888889,35.088,25
6.5808333333333335,35.088,25
6.588888888888889,35.088,25
6.59,35.088,25
6.598888888888889,35.088,25
6.598888888888889,35.088,25
6.607777777777778,35.088,25
6.608888888888889,35.088,25
6.616388888888889,35.152,25
6.618888888888889,35.152,25
6.621666666666667,35.215,25
6.624722222222222,35.278,25
6.628888888888889,35.278,25
6.630277777777778,35.342,25
6.636666666666667,35.406,25
6.638888888888889,35.406,19
6.641666666666667,35.47,19
6.645833333333333,35.534,19
6.648888888888889,35.534,25
6.650833333333333,35.597,25
6.655,35.661,25
6.658888888888889,35.661,25
6.663888888888889,35.661,25
6.668888888888889,35.661,26
6.678055555555556,35.725,26
6.678888888888889,35.725,26
6.684166666666667,35.789,26
6.688888888888889,35.789,26
6.690277777777778,35.853,26
6.695277777777778,35.917,26
6.698888888888889,35.917,26
6.699166666666667,35.981,26
6.705277777777778,36.045,26
6.708888888888889,36.045,25
6.7091666666666665,36.109,25
6.714166666666666,36.173,25
6.717222222222222,36.235,25
6.7188888888888885,36.235,27
6.720555555555555,36.299,27
6.723888888888889,36.363,27
6.726944444444444,36.427,27
6.729166666666667,36.427,27
6.730277777777777,36.491,27
6.733333333333333,36.555,27
6.736944444444444,36.618,27
6.739166666666667,36.618,27
6.740555555555556,36.682,27
6.744722222222222,36.746,27
6.749444444444444,36.746,25
6.749444444444444,36.81,25
6.751944444444445,36.843,25
6.755,36.907,25
6.7588888888888885,36.97,25
6.759444444444444,36.97,26
6.762222222222222,37.034,26
6.766111111111111,37.098,26
6.7675,37.098,26
6.769444444444445,37.098,26
6.776388888888889,37.098,26
6.779444444444445,37.098,26
6.7813888888888885,37.162,26
6.784722222222222,37.225,26
6.7875,37.289,26
6.789444444444444,37.289,26
6.7908333333333335,37.353,26
6.793888888888889,37.417,26
6.7972222222222225,37.48,26
6.799444444444444,37.48,29
6.8005555555555555,37.544,29
6.805,37.608,29
6.809444444444445,37.608,28
6.811944444444444,37.672,28
6.816944444444444,37.736,28
6.819444444444445,37.736,28
6.823055555555555,37.8,28
6.826944444444444,37.864,28
6.829444444444444,37.864,28
6.831944444444445,37.928,28
6.837777777777778,37.992,28
6.839444444444444,37.992,30
6.843333333333334,38.055,30
6.848888888888889,38.117,30
6.849444444444444,38.117,30
6.854722222222223,38.181,30
6.859166666666667,38.245,30
6.859444444444445,38.245,25
6.864722222222222,38.308,25
6.869722222222222,38.308,25
6.873611111111111,38.308,25
6.879444444444444,38.308,25
6.8825,38.308,25
6.889444444444444,38.308,25
6.891388888888889,38.308,25
6.899444444444445,38.308,25
6.900555555555556,38.308,25
6.909166666666667,38.371,25
6.9094444444444445,38.371,25
6.912222222222222,38.435,25
6.915555555555556,38.499,25
6.918888888888889,38.563,25
6.919722222222222,38.563,27
6.9222222222222225,38.627,27
6.925277777777778,38.69,27
6.928333333333334,38.753,27
6.9302777777777775,38.753,28
6.931666666666667,38.817,28
6.935,38.881,28
6.9383333333333335,38.945,28
6.940277777777778,38.945,28
6.941944444444444,39.009,28
6.9447222222222225,39.073,28
6.948055555555555,39.136,28
6.950277777777778,39.136,28
6.951388888888889,39.2,28
6.953333333333333,39.263,28
6.956944444444445,39.327,28
6.960277777777778,39.327,20
6.960555555555556,39.391,20
6.963888888888889,39.455,20
6.967222222222222,39.519,20
6.970277777777778,39.519,27
6.970833333333333,39.582,27
6.974444444444444,39.646,27
6.978055555555556,39.71,27
6.980277777777777,39.71,28
6.982222222222222,39.774,28
6.9880555555555555,39.838,28
6.990555555555556,39.838,29
6.991666666666666,39.901,29
6.994722222222222,39.965,29
6.998333333333333,40.029,29
7.000555555555556,40.029,29
7.000555555555556,40.062,29
7.004166666666666,40.125,29
7.007777777777778,40.189,29
7.010555555555555,40.189,29
7.011388888888889,40.253,29
7.0152777777777775,40.317,29
7.0183333333333335,40.381,29
7.021111111111111,40.381,32
7.021944444444444,40.445,32
7.025,40.509,32
7.0280555555555555,40.572,32
7.0311111111111115,40.572,32
7.0311111111111115,40.635,32
7.0344444444444445,40.696,32
7.0377777777777775,40.76,32
7.041111111111111,40.76,32
7.041388888888889,40.824,32
7.048333333333333,40.887,32
7.051111111111111,40.887,32
7.0525,40.951,32
7.055555555555555,41.014,32
7.059166666666667,41.077,32
7.061388888888889,41.077,32
7.062777777777778,41.14,32
7.066666666666666,41.204,32
7.07,41.268,32
7.0713888888888885,41.268,24
7.073888888888889,41.332,24
7.0777777777777775,41.396,24
7.081388888888889,41.396,25
7.081944444444445,41.46,25
7.090833333333333,41.46,25
7.091388888888889,41.46,25
7.099722222222222,41.46,25
7.101388888888889,41.46,25
7.108611111111111,41.46,25
7.1113888888888885,41.46,25
7.1175,41.46,25
7.121388888888889,41.46,25
7.126388888888889,41.46,25
7.131388888888889,41.46,25
7.135277777777778,41.46,25
7.141388888888889,41.46,25
7.144166666666667,41.46,25
7.151388888888889,41.46,25
7.153333333333333,41.46,25
7.161666666666667,41.46,25
7.164444444444444,41.523,25
7.168333333333333,41.586,25
7.171666666666667,41.586,18
7.1722222222222225,41.65,18
7.175833333333333,41.714,18
7.181666666666667,41.714,22
7.183611111111111,41.777,22
7.189444444444445,41.841,22
7.191666666666666,41.841,25
7.1930555555555555,41.905,25
7.196111111111111,41.969,25
7.1994444444444445,42.033,25
7.201944444444444,42.033,27
7.203333333333333,42.097,27
7.205555555555556,42.13,27
7.209444444444444,42.194,27
7.211944444444445,42.194,28
7.2125,42.194,28
7.2186111111111115,42.258,28
7.2219444444444445,42.258,28
7.227777777777778,42.322,28
7.231944444444444,42.322,29
7.235555555555556,42.384,29
7.240555555555556,42.448,29
7.241944444444444,42.448,29
7.2491666666666665,42.512,29
7.252222222222223,42.512,28
7.252777777777778,42.576,28
7.256388888888889,42.639,28
7.259444444444444,42.702,28
7.2625,42.702,28
7.2652777777777775,42.765,28
7.268888888888889,42.829,28
7.272777777777778,42.829,28
7.272777777777778,42.893,28
7.276111111111111,42.957,28
7.279722222222222,43.021,28
7.282777777777778,43.021,24
7.283611111111111,43.085,24
7.286666666666667,43.149,24
7.29,43.212,24
7.292777777777777,43.212,25
7.2941666666666665,43.276,25
7.298055555555556,43.34,25
7.301944444444445,43.404,25
7.303055555555556,43.404,25
7.306111111111111,43.467,25
7.309722222222222,43.531,25
7.311111111111111,43.531,25
7.313055555555556,43.531,26
7.320277777777778,43.531,26
7.323055555555555,43.531,26
7.329166666666667,43.531,26
7.333333333333333,43.531,26
7.335,43.595,26
7.338611111111111,43.659,26
7.341944444444445,43.723,26
7.3436111111111115,43.723,27
7.346388888888889,43.787,27
7.35,43.851,27
7.353611111111111,43.851,27
7.353611111111111,43.915,27
7.3575,43.979,27
7.360833333333333,44.043,27
7.364166666666667,44.043,27
7.364722222222222,44.107,27
7.373611111111111,44.107,27
7.3741666666666665,44.107,26
7.3825,44.107,26
7.384166666666666,44.107,16
7.391388888888889,44.107,16
7.394166666666667,44.107,25
7.3997222222222225,44.171,25
7.401388888888889,44.107,25
7.404166666666667,44.107,25
7.410277777777778,44.107,25
7.414166666666667,44.107,25
7.419444444444444,44.107,25
7.424166666666666,44.107,25
7.4302777777777775,44.171,25
7.434166666666667,44.171,25
7.436111111111111,44.235,25
7.442222222222222,44.298,25
7.444166666666667,44.298,25
7.448333333333333,44.362,25
7.4525,44.426,25
7.454166666666667,44.426,25
7.458333333333333,44.49,25
7.463611111111111,44.554,25
7.464166666666666,44.554,25
7.466388888888889,44.618,25
7.467777777777778,44.554,25
7.474166666666667,44.554,25
7.476944444444444,44.554,25
7.484166666666667,44.554,25
7.4875,44.618,25
7.493055555555555,44.682,25
7.4944444444444445,44.682,19
7.496944444444445,44.746,19
7.5025,44.81,19
7.504444444444444,44.81,23
7.5088888888888885,44.874,23
7.513055555555556,44.938,23
7.514444444444444,44.938,25
7.518055555555556,45.002,25
7.523611111111111,45.066,25
7.524444444444445,45.066,28
7.526944444444444,45.13,28
7.530277777777778,45.193,28
7.533888888888889,45.256,28
7.534722222222222,45.256,28
7.5375,45.32,28
7.540555555555556,45.383,28
7.543888888888889,45.446,28
7.544722222222222,45.446,28
7.5475,45.51,28
7.551111111111111,45.574,28
7.554444444444444,45.637,28
7.555,45.637,28
7.558055555555556,45.701,28
7.561944444444444,45.765,28
7.565,45.765,30
7.566944444444444,45.828,30
7.570277777777778,45.892,30
7.573611111111111,45.956,30
7.575277777777778,45.956,30
7.576944444444444,46.02,30
7.580277777777778,46.084,30
7.5841666666666665,46.147,30
7.585277777777778,46.147,30
7.585555555555556,46.147,30
7.589444444444444,46.211,30
7.592777777777778,46.275,30
7.595277777777778,46.275,30
7.597222222222222,46.338,30
7.601111111111111,46.402,30
7.605,46.465,30
7.605277777777777,46.465,22
7.608888888888889,46.529,22
7.6125,46.592,22
7.614722222222222,46.654,22
7.616388888888889,46.654,25
7.618611111111111,46.718,25
7.622222222222222,46.782,25
7.626388888888889,46.782,26
7.627222222222223,46.846,26
7.631666666666667,46.91,26
7.635833333333333,46.974,26
7.636388888888889,46.974,27
7.64,47.038,27
7.643611111111111,47.102,27
7.646944444444444,47.102,27
7.648055555555556,47.166,27
7.651944444444444,47.23,27
7.655833333333334,47.294,27
7.657777777777778,47.294,27
7.659722222222222,47.358,27
7.663888888888889,47.422,27
7.667777777777777,47.422,27
7.668055555555555,47.486,27
7.671944444444445,47.55,27
7.675833333333333,47.614,27
7.678055555555556,47.614,28
7.68,47.678,28
7.683888888888889,47.742,28
7.685833333333333,47.753,28
7.688055555555556,47.753,30
7.6947222222222225,47.753,30
7.698055555555555,47.753,30
7.703888888888889,47.753,30
7.708055555555555,47.753,24
7.713055555555556,47.753,24
7.718055555555556,47.753,25
7.7219444444444445,47.753,25
7.728055555555556,47.753,25
7.730833333333333,47.753,25
7.7380555555555555,47.753,25
7.74,47.753,25
7.748055555555555,47.753,25
7.749444444444444,47.817,25
7.754722222222222,47.881,25
7.758055555555556,47.881,25
7.7588888888888885,47.945,25
7.762777777777778,48.009,25
7.766111111111111,48.072,25
7.7683333333333335,48.072,25
7.770277777777777,48.136,25
7.774166666666667,48.2,25
7.778333333333333,48.2,25
7.778333333333333,48.264,25
7.781666666666666,48.328,25
7.785277777777778,48.392,25
7.788888888888889,48.392,26
7.789722222222222,48.456,26
7.793333333333333,48.52,26
7.7975,48.584,26
7.7988888888888885,48.584,28
7.801944444444445,48.645,28
7.805833333333333,48.709,28
7.808888888888889,48.709,28
7.81,48.773,28
7.814166666666667,48.837,28
7.818333333333333,48.901,28
7.819166666666667,48.901,25
7.821944444444444,48.965,25
7.822222222222222,49.029,25
7.822777777777778,48.965,25
7.826388888888889,49.029,25
7.829166666666667,49.029,25
7.8308333333333335,49.093,25
7.834722222222222,49.157,25
7.839166666666666,49.157,26
7.839166666666666,49.218,26
7.843333333333334,49.282,26
7.8475,49.346,26
7.849722222222222,49.346,26
7.851944444444444,49.41,26
7.856111111111111,49.474,26
7.86,49.474,26
7.860555555555556,49.537,26
7.864722222222222,49.601,26
7.868611111111111,49.665,26
7.87,49.665,26
7.873333333333333,49.729,26
7.8775,49.793,26
7.88,49.793,27
7.884444444444444,49.857,27
7.888888888888889,49.921,27
7.89,49.921,27
7.893888888888889,49.984,27
7.9,49.984,27
7.900555555555556,50.048,27
7.903611111111111,50.082,27
7.910277777777778,50.082,27
7.910555555555556,50.146,27
7.917222222222223,50.21,27
7.920833333333333,50.21,24
7.9222222222222225,50.274,24
7.930833333333333,50.274,25
7.931388888888889,50.274,25
7.940277777777778,50.274,25
7.940833333333333,50.274,25
7.9494444444444445,50.274,25
7.950833333333334,50.274,25
7.958333333333333,50.274,25
7.960833333333333,50.274,25
7.967222222222222,50.274,25
7.970833333333333,50.274,25
7.978611111111111,50.338,25
7.980833333333333,50.338,25
7.984166666666667,50.401,25
7.990833333333334,50.401,25
7.9911111111111115,50.465,25
7.995555555555556,50.529,25
8.001388888888888,50.529,26
8.001944444444444,50.593,26
8.00361111111111,50.593,26
8.011388888888888,50.593,25
8.0125,50.593,25
8.019166666666667,50.657,25
8.02138888888889,50.657,25
8.024722222222222,50.721,25
8.03138888888889,50.721,21
8.03138888888889,50.785,21
8.036388888888888,50.849,21
8.040833333333333,50.911,21
8.04138888888889,50.911,25
8.047777777777778,50.975,25
8.051388888888889,50.975,25
8.055833333333334,51.039,25
8.061666666666667,51.039,25
8.062777777777777,51.103,25
8.067222222222222,51.167,25
8.071944444444444,51.167,26
8.07611111111111,51.167,26
8.081944444444444,51.167,25
8.085,51.167,25
8.092222222222222,51.167,27
8.093055555555555,51.23,27
8.096944444444444,51.294,27
8.100833333333334,51.358,27
8.1025,51.358,27
8.105277777777777,51.422,27
8.109444444444444,51.486,27
8.112777777777778,51.486,27
8.113611111111112,51.55,27
8.1175,51.613,27
8.12111111111111,51.677,27
8.122777777777777,51.677,27
8.125,51.741,27
8.128333333333334,51.804,27
8.1325,51.868,27
8.132777777777777,51.868,19
8.136666666666667,51.93,19
8.140277777777778,51.994,19
8.143055555555556,51.994,24
8.144166666666667,52.057,24
8.147222222222222,52.121,24
8.151111111111112,52.185,24
8.153333333333334,52.185,26
8.155277777777778,52.249,26
8.159444444444444,52.313,26
8.163055555555555,52.313,26
8.172222222222222,52.377,26
8.173333333333334,52.377,27
8.175833333333333,52.441,27
8.179444444444444,52.505,27
8.182777777777778,52.569,27
8.183333333333334,52.569,28
8.186944444444444,52.631,28
8.190833333333334,52.695,28
8.193333333333333,52.695,29
8.195,52.758,29
8.198611111111111,52.822,29
8.202222222222222,52.884,29
8.204166666666667,52.884,29
8.206111111111111,52.948,29
8.21111111111111,53.012,29
8.214166666666667,53.012,30
8.217222222222222,53.076,30
8.220833333333333,53.14,30
8.224166666666667,53.14,30
8.225,53.204,30
8.22861111111111,53.268,30
8.2325,53.332,30
8.234444444444444,53.332,31
8.23638888888889,53.396,31
8.240833333333333,53.46,31
8.244444444444444,53.46,20
8.245,53.524,20
8.248888888888889,53.587,20
8.2525,53.651,20
8.254722222222222,53.651,24
8.256944444444445,53.715,24
8.261388888888888,53.779,24
8.264722222222222,53.779,29
8.265555555555556,53.842,29
8.269722222222223,53.906,29
8.274166666666666,53.97,29
8.274722222222222,53.97,30
8.283055555555556,53.97,30
8.284722222222221,53.97,30
8.291944444444445,53.97,30
8.294722222222223,53.97,30
8.304444444444444,54.034,30
8.305,54.034,30
8.30888888888889,54.098,30
8.313055555555556,54.162,30
8.315,54.162,32
8.317222222222222,54.224,32
8.321388888888889,54.288,32
8.325277777777778,54.288,32
8.325833333333334,54.352,32
8.329722222222221,54.416,32
8.33361111111111,54.48,32
8.335555555555555,54.48,32
8.338055555555556,54.544,32
8.341944444444444,54.605,32
8.345833333333333,54.605,19
8.346666666666666,54.669,19
8.350555555555555,54.732,19
8.354166666666666,54.796,19
8.355833333333333,54.796,25
8.357777777777779,54.86,25
8.36138888888889,54.924,25
8.365,54.988,25
8.366111111111111,54.988,25
8.369444444444444,55.05,25
8.369722222222222,55.114,25
8.376111111111111,55.114,25
8.37861111111111,55.05,25
8.386111111111111,55.05,25
8.3875,55.05,25
8.39611111111111,55.05,25
8.39638888888889,55.05,25
8.405277777777778,55.113,25
8.40611111111111,55.113,25
8.409444444444444,55.17,25
8.412777777777778,55.234,25
8.41611111111111,55.234,25
8.41638888888889,55.298,25
8.419722222222223,55.362,25
8.425,55.426,25
8.426388888888889,55.426,26
8.430833333333334,55.49,26
8.436388888888889,55.49,27
8.439444444444444,55.554,27
8.445,55.616,27
8.446111111111112,55.616,27
8.450277777777778,55.68,27
8.456388888888888,55.68,23
8.456388888888888,55.744,23
8.460833333333333,55.808,23
8.466388888888888,55.808,25
8.4675,55.872,25
8.471388888888889,55.936,25
8.475,56.0,25
8.476666666666667,56.0,26
8.479444444444445,56.064,26
8.485277777777778,56.128,26
8.48638888888889,56.128,26
8.489722222222222,56.192,26
8.4925,56.255,26
8.49638888888889,56.255,26
8.496666666666666,56.319,26
8.500277777777777,56.383,26
8.50388888888889,56.447,26
8.506666666666666,56.447,26
8.5075,56.511,26
8.511111111111111,56.575,26
8.514722222222222,56.638,26
8.516666666666667,56.638,26
8.518333333333333,56.701,26
8.522222222222222,56.765,26
8.525833333333333,56.828,26
8.526666666666667,56.828,27
8.530277777777778,56.892,27
8.534444444444444,56.956,27
8.536666666666667,56.956,27
8.538611111111111,57.02,27
8.5425,57.084,27
8.546111111111111,57.148,27
8.546666666666667,57.148,27
8.55,57.212,27
8.553333333333333,57.275,27
8.556944444444444,57.275,27
8.5575,57.339,27
8.561944444444444,57.403,27
8.565833333333334,57.467,27
8.567222222222222,57.467,25
8.570555555555556,57.531,25
8.575,57.595,25
8.5775,57.595,25
8.58,57.659,25
8.584444444444445,57.723,25
8.588333333333333,57.723,25
8.589166666666667,57.787,25
8.59388888888889,57.851,25
8.597777777777777,57.915,25
8.598333333333333,57.915,28
8.602222222222222,57.977,28
8.606388888888889,58.041,28
8.608333333333333,58.041,28
8.615277777777777,58.041,28
8.618333333333334,58.041,28
8.627222222222223,58.105,28
8.628333333333334,58.105,28
8.632222222222222,58.169,28
8.638333333333334,58.169,29
8.63861111111111,58.233,29
8.643611111111111,58.297,29
8.648333333333333,58.297,29
8.64861111111111,58.361,29
8.655,58.424,29
8.658611111111112,58.424,28
8.660277777777777,58.487,28
8.664166666666667,58.551,28
8.668611111111112,58.551,19
8.668888888888889,58.615,19
8.672777777777778,58.679,19
8.676944444444445,58.743,19
8.679166666666667,58.743,25
8.681944444444444,58.807,25
8.686111111111112,58.871,25
8.689722222222223,58.871,25
8.690555555555555,58.935,25
8.694444444444445,58.999,25
8.698333333333334,59.063,25
8.699722222222222,59.063,25
8.703055555555556,59.127,25
8.708333333333334,59.191,25
8.710277777777778,59.191,25
8.712777777777777,59.255,25
8.716666666666667,59.319,25
8.720277777777778,59.319,25
8.721111111111112,59.382,25
8.725,59.446,25
8.729166666666666,59.508,25
8.730277777777777,59.508,26
8.733333333333333,59.572,26
8.7375,59.636,26
8.740277777777777,59.636,25
8.746666666666666,59.699,25
8.749722222222223,59.763,25
8.750277777777777,59.763,25
8.753333333333334,59.827,25
8.756944444444445,59.89,25
8.760555555555555,59.89,25
8.760833333333334,59.954,25
8.764166666666666,60.018,25
8.767222222222221,60.082,25
8.770555555555555,60.082,26
8.770833333333334,60.145,26
8.774166666666666,60.208,26
8.777777777777779,60.272,26
8.780833333333334,60.272,20
8.78111111111111,60.336,20
8.785,60.4,20
8.787777777777778,60.464,20
8.79111111111111,60.464,25
8.791666666666666,60.528,25
8.795,60.591,25
8.798055555555555,60.655,25
8.801388888888889,60.655,25
8.801944444444445,60.719,25
8.805277777777778,60.783,25
8.80888888888889,60.847,25
8.811388888888889,60.847,25
8.813333333333333,60.911,25
8.817222222222222,60.974,25
8.821388888888889,60.974,25
8.82611111111111,60.974,25
8.831388888888888,60.974,25
8.835,60.974,25
8.841388888888888,60.974,25
8.84388888888889,60.974,25
8.85138888888889,60.974,25
8.852777777777778,60.974,25
8.86138888888889,60.974,25
8.861666666666666,60.974,25
8.870833333333334,60.974,25
8.87138888888889,60.974,25
8.881388888888889,60.974,17
8.884444444444444,61.038,17
8.890555555555556,61.102,17
8.891388888888889,61.102,20
8.8975,61.166,20
8.901388888888889,61.166,25
8.901944444444444,61.23,25
8.907777777777778,61.294,25
8.911666666666667,61.294,27
8.91388888888889,61.358,27
8.918611111111112,61.422,27
8.920833333333333,61.455,27
8.921944444444444,61.455,28
8.925,61.519,28
8.929166666666667,61.583,28
8.932777777777778,61.583,28
8.933333333333334,61.647,28
8.937222222222223,61.71,28
8.940833333333334,61.774,28
8.943055555555556,61.774,28
8.945,61.836,28
8.948888888888888,61.9,28
8.953055555555556,61.9,28
8.953055555555556,61.964,28
8.956944444444444,62.028,28
8.961666666666666,62.092,28
8.963055555555556,62.092,28
8.966944444444444,62.156,28
8.973333333333333,62.156,28
8.973611111111111,62.22,28
8.97861111111111,62.284,28
8.983611111111111,62.284,28
8.984166666666667,62.348,28
8.990277777777777,62.412,28
8.993611111111111,62.412,25
8.994722222222222,62.474,25
9.000277777777777,62.538,25
9.00361111111111,62.538,25
9.007222222222222,62.601,25
9.008611111111112,62.601,25
9.01361111111111,62.601,25
9.0175,62.601,25
9.02361111111111,62.601,25
9.026388888888889,62.601,25
9.033611111111112,62.601,25
9.035555555555556,62.601,25
9.043611111111112,62.601,25
9.044444444444444,62.601,25
9.053333333333333,62.601,25
9.053888888888888,62.601,25
9.062222222222223,62.601,25
9.063888888888888,62.601,25
9.071111111111112,62.601,25
9.073888888888888,62.601,25
9.08,62.601,25
9.08388888888889,62.601,25
9.089166666666667,62.601,25
9.09388888888889,62.601,20
9.098055555555556,62.601,20
9.10388888888889,62.601,25
9.11111111111111,62.665,25
9.113888888888889,62.665,27
9.115277777777777,62.729,27
9.12,62.791,27
9.123888888888889,62.791,28
9.124166666666667,62.855,28
9.128055555555555,62.919,28
9.132222222222222,62.983,28
9.134166666666667,62.983,28
9.136111111111111,63.047,28
9.139722222222222,63.111,28
9.143611111111111,63.175,28
9.144166666666667,63.175,28
9.147777777777778,63.239,28
9.152222222222223,63.303,28
9.154166666666667,63.303,28
9.158888888888889,63.367,28
9.163333333333334,63.43,28
9.164166666666667,63.43,28
9.170277777777779,63.493,28
9.174722222222222,63.493,28
9.175277777777778,63.557,28
9.179722222222223,63.621,28
9.184722222222222,63.621,29
9.186944444444444,63.685,29
9.194722222222222,63.685,28
9.200277777777778,63.749,28
9.204722222222221,63.749,18
9.204722222222221,63.811,18
9.209722222222222,63.875,18
9.214166666666667,63.939,18
9.214722222222223,63.939,25
9.21861111111111,64.003,25
9.223611111111111,64.065,25
9.224722222222223,64.065,26
9.228333333333333,64.129,26
9.2325,64.193,26
9.234722222222222,64.193,26
9.2375,64.257,26
9.237777777777778,64.321,26
9.238333333333333,64.257,26
9.242222222222223,64.32,26
9.245,64.32,28
9.24611111111111,64.384,28
9.250277777777777,64.448,28
9.254166666666666,64.512,28
9.255,64.512,29
9.258611111111112,64.576,29
9.2625,64.64,29
9.265,64.64,29
9.265555555555556,64.703,29
9.269722222222223,64.767,29
9.273888888888889,64.831,29
9.275833333333333,64.831,29
9.278055555555556,64.895,29
9.281666666666666,64.959,29
9.285,65.023,29
9.286666666666667,65.023,29
9.289166666666667,65.087,29
9.292777777777777,65.151,29
9.296666666666667,65.151,29
9.296944444444444,65.215,29
9.300833333333333,65.279,29
9.305277777777778,65.343,29
9.307222222222222,65.343,17
9.31,65.406,17
9.313888888888888,65.47,17
9.3175,65.47,18
9.318333333333333,65.533,18
9.322222222222223,65.597,18
9.326666666666666,65.661,18
9.3275,65.661,25
9.335555555555555,65.661,25
9.3375,65.661,25
9.344722222222222,65.661,25
9.3475,65.661,25
9.35361111111111,65.661,25
9.3575,65.661,25
9.3625,65.661,25
9.3675,65.661,25
9.37138888888889,65.661,25
9.3775,65.661,25
9.380277777777778,65.661,25
9.3875,65.661,25
9.389444444444445,65.661,25
9.3975,65.661,25
9.398333333333333,65.661,25
9.407222222222222,65.661,25
9.407777777777778,65.661,25
9.41611111111111,65.661,25
9.417777777777777,65.661,19
9.425,65.661,19
9.427777777777777,65.661,25
9.434166666666666,65.661,25
9.437777777777777,65.661,25
9.443055555555556,65.661,25
9.447777777777778,65.661,25
9.451944444444445,65.661,25
9.457777777777778,65.661,25
9.460833333333333,65.661,25
9.467777777777778,65.661,25
9.475,65.725,25
9.478055555555555,65.725,25
9.480277777777777,65.789,25
9.487222222222222,65.853,25
9.488055555555556,65.853,25
9.492777777777778,65.916,25
9.498055555555556,65.916,25
9.504722222222222,65.979,25
9.508611111111112,65.979,25
9.511944444444444,66.043,25
9.516666666666667,66.107,25
9.518611111111111,66.107,25
9.519166666666667,66.141,25
9.528055555555556,66.141,25
9.528611111111111,66.141,25
9.539166666666667,66.141,25
9.543055555555556,66.205,25
9.549166666666666,66.205,25
9.549722222222222,66.269,25
9.556944444444444,66.333,25
9.559166666666666,66.333,25
9.568333333333333,66.397,25
9.569166666666666,66.397,24
9.574444444444444,66.459,24
9.579166666666667,66.459,25
9.579444444444444,66.522,25
9.585555555555555,66.586,25
9.589166666666667,66.586,25
9.591388888888888,66.65,25
9.595277777777778,66.713,25
9.599166666666667,66.713,25
9.599444444444444,66.777,25
9.60361111111111,66.841,25
9.606666666666667,66.904,25
9.609444444444444,66.904,25
9.610833333333334,66.968,25
9.615,67.032,25
9.619166666666667,67.096,25
9.619722222222222,67.096,25
9.623611111111112,67.16,25
9.62888888888889,67.224,25
9.63,67.224,19
9.633333333333333,67.287,19
9.6375,67.351,19
9.640277777777778,67.351,25
9.642222222222221,67.415,25
9.646666666666667,67.479,25
9.650555555555556,67.479,26
9.651111111111112,67.542,26
9.655,67.606,26
9.658611111111112,67.67,26
9.660555555555556,67.67,26
9.662777777777778,67.734,26
9.670555555555556,67.734,26
9.671666666666667,67.734,26
9.680555555555555,67.734,26
9.680833333333334,67.734,26
9.689722222222223,67.734,26
9.690555555555555,67.734,26
9.698611111111111,67.734,26
9.700555555555555,67.734,25
9.707777777777778,67.734,25
9.710555555555555,67.734,25
9.716666666666667,67.734,25
9.720833333333333,67.734,25
9.725833333333334,67.734,25
9.730833333333333,67.734,25
9.734722222222222,67.734,25
9.740833333333333,67.734,24
9.743611111111111,67.734,24
9.750833333333333,67.734,25
9.7525,67.734,25
9.760833333333334,67.734,25
9.761666666666667,67.734,25
9.770555555555555,67.734,25
9.770833333333334,67.734,25
9.779444444444444,67.734,25
9.780833333333334,67.734,25
9.788333333333334,67.734,25
9.790833333333333,67.734,25
9.794722222222223,67.798,25
9.79861111111111,67.86,25
9.801111111111112,67.86,25
9.802777777777777,67.924,25
9.80638888888889,67.988,25
9.810277777777777,68.052,25
9.811111111111112,68.052,25
9.814444444444444,68.116,25
9.818333333333333,68.18,25
9.821111111111112,68.18,26
9.8225,68.244,26
9.826666666666666,68.308,26
9.831111111111111,68.308,27
9.831944444444444,68.372,27
9.838611111111112,68.435,27
9.841111111111111,68.435,20
9.846111111111112,68.499,20
9.850555555555555,68.561,20
9.851111111111111,68.561,25
9.859444444444444,68.625,25
9.86111111111111,68.625,25
9.866388888888888,68.689,25
9.87111111111111,68.689,25
9.87138888888889,68.693,25
9.88,68.726,25
9.88111111111111,68.726,25
9.886388888888888,68.787,25
9.888333333333334,68.787,25
9.891111111111112,68.787,25
9.894722222222223,68.851,25
9.901388888888889,68.851,26
9.901666666666667,68.915,26
9.904722222222222,68.979,26
9.908888888888889,69.043,26
9.911388888888888,69.043,26
9.912777777777778,69.107,26
9.916666666666666,69.171,26
9.920277777777779,69.235,26
9.921388888888888,69.235,25
9.924166666666666,69.299,25
9.927777777777777,69.363,25
9.93138888888889,69.363,25
9.932222222222222,69.427,25
9.935833333333333,69.491,25
9.94138888888889,69.491,26
9.944722222222222,69.491,26
9.95138888888889,69.491,21
9.953611111111112,69.491,21
9.961388888888889,69.491,25
9.9625,69.491,25
9.971388888888889,69.491,25
9.971666666666666,69.491,25
9.980555555555556,69.491,25
9.981388888888889,69.491,25
9.989444444444445,69.491,25
9.991388888888888,69.491,25
9.998611111111112,69.491,25
10.001388888888888,69.491,25
10.0075,69.491,25
10.011388888888888,69.491,25
10.016388888888889,69.491,25
10.02138888888889,69.491,25
10.029166666666667,69.553,25
10.031666666666666,69.553,26
10.033333333333333,69.615,26
10.036944444444444,69.679,26
10.04,69.743,26
10.042222222222222,69.743,27
10.043333333333333,69.807,27
10.047222222222222,69.871,27
10.052222222222222,69.871,27
10.0525,69.935,27
10.055555555555555,69.999,27
10.059166666666666,70.063,27
10.062222222222223,70.063,21
10.063611111111111,70.127,21
10.067222222222222,70.191,21
10.071111111111112,70.255,21
10.072222222222223,70.255,25
10.075555555555555,70.319,25
10.079166666666667,70.383,25
10.0825,70.383,25
10.090277777777779,70.447,25
10.092222222222222,70.447,25
10.095833333333333,70.509,25
10.1025,70.509,25
10.102777777777778,70.572,25
10.1075,70.636,25
10.1125,70.636,26
10.112777777777778,70.7,26
10.118611111111111,70.764,26
10.1225,70.764,26
10.124444444444444,70.827,26
10.129166666666666,70.89,26
10.1325,70.89,26
10.142777777777777,70.89,26
10.143055555555556,70.954,26
10.1475,71.016,26
10.151388888888889,71.08,26
10.152777777777779,71.08,26
10.155555555555555,71.143,26
10.160833333333333,71.207,26
10.162777777777778,71.207,23
10.16611111111111,71.271,23
10.171111111111111,71.334,23
10.173333333333334,71.334,26
10.175833333333333,71.397,26
10.180833333333334,71.461,26
10.18388888888889,71.461,26
10.186111111111112,71.524,26
10.193888888888889,71.524,28
10.195,71.524,28
10.203888888888889,71.524,28
10.204166666666667,71.524,28
10.213055555555556,71.524,28
10.213888888888889,71.524,28
10.224166666666667,71.524,28
10.22638888888889,71.587,28
10.231111111111112,71.651,28
10.234166666666667,71.651,28
10.2375,71.715,28
10.242222222222223,71.779,28
10.244166666666667,71.779,28
10.248055555555556,71.842,28
10.254722222222222,71.842,28
10.255277777777778,71.906,28
10.262222222222222,71.97,28
10.265,71.97,28
10.268333333333333,72.034,28
10.273888888888889,72.098,28
10.275,72.098,25
10.280277777777778,72.161,25
10.285,72.161,25
10.289166666666667,72.161,25
10.295,72.161,25
10.298333333333334,72.161,25
10.305,72.161,25
10.307222222222222,72.161,25
10.314444444444444,72.225,25
10.315,72.225,25
10.31861111111111,72.289,25
10.322222222222223,72.353,25
10.325,72.353,25
10.326666666666666,72.417,25
10.330555555555556,72.481,25
10.334166666666667,72.545,25
10.335555555555555,72.545,25
10.338333333333333,72.608,25
10.341111111111111,72.669,25
10.344444444444445,72.733,25
10.345833333333333,72.733,26
10.348611111111111,72.797,26
10.3525,72.861,26
10.356111111111112,72.861,27
10.356388888888889,72.925,27
10.360555555555555,72.989,27
10.364166666666666,73.053,27
10.366388888888888,73.053,28
10.368333333333334,73.117,28
10.376388888888888,73.117,21
10.3775,73.117,21
10.386388888888888,73.117,25
10.386388888888888,73.117,25
10.395277777777778,73.117,25
10.39638888888889,73.117,25
10.403333333333334,73.18,25
10.40638888888889,73.18,25
10.408333333333333,73.244,25
10.412777777777778,73.307,25
10.416666666666666,73.307,27
10.4175,73.371,27
10.420555555555556,73.434,27
10.422777777777778,73.497,27
10.424444444444445,73.551,27
10.426111111111112,73.614,27
10.426666666666666,73.614,27
10.428055555555556,73.677,27
10.43,73.734,27
10.431944444444444,73.797,27
10.434444444444445,73.859,27
10.436944444444444,73.859,28
10.437222222222223,73.921,28
10.438611111111111,73.921,28
10.446944444444444,73.921,28
10.4475,73.921,28
10.456388888888888,73.921,28
10.456944444444444,73.921,28
10.465277777777779,73.921,28
10.467222222222222,73.921,28
10.471111111111112,73.983,28
10.473888888888888,74.044,28
10.47638888888889,74.103,28
10.476944444444445,74.103,30
10.478333333333333,74.167,30
10.480833333333333,74.231,30
10.482777777777779,74.295,30
10.485,74.359,30
10.487222222222222,74.359,24
10.488055555555556,74.422,24
10.493333333333334,74.486,24
10.495833333333334,74.549,24
10.497222222222222,74.549,25
10.498055555555556,74.613,25
10.507222222222222,74.613,25
10.507222222222222,74.613,25
10.515833333333333,74.677,25
10.517222222222221,74.677,25
10.520555555555555,74.741,25
10.526666666666667,74.802,25
10.527222222222223,74.802,25
10.532777777777778,74.866,25
10.537222222222223,74.866,25
10.538333333333334,74.929,25
10.542222222222222,74.981,25
10.545833333333333,75.045,25
10.547222222222222,75.045,26
10.550833333333333,75.107,26
10.554444444444444,75.163,26
10.557222222222222,75.163,27
10.559444444444445,75.227,27
10.565277777777778,75.29,27
10.5675,75.29,27
10.571388888888889,75.352,27
10.577222222222222,75.414,27
10.5775,75.414,27
10.58361111111111,75.474,27
10.587777777777777,75.474,14
10.589166666666667,75.538,14
10.593333333333334,75.602,14
10.596666666666666,75.659,14
10.597777777777777,75.659,18
10.601111111111111,75.719,18
10.605277777777777,75.781,18
10.608333333333333,75.781,20
10.609166666666667,75.835,20
10.613055555555556,75.892,20
10.616944444444444,75.956,20
10.618333333333334,75.956,20
10.622222222222222,76.019,20
10.627222222222223,76.083,20
10.62888888888889,76.083,20
10.630833333333333,76.147,20
10.633611111111112,76.208,20
10.636944444444444,76.267,20
10.63888888888889,76.267,23
10.640277777777778,76.325,23
10.643333333333333,76.389,23
10.64638888888889,76.452,23
10.648888888888889,76.452,25
10.649166666666666,76.516,25
10.658055555555556,76.58,25
10.659166666666666,76.58,25
10.661944444444444,76.644,25
10.664722222222222,76.702,25
10.666944444444445,76.766,25
10.669166666666667,76.766,25
10.670555555555556,76.823,25
10.673333333333334,76.875,25
10.675555555555556,76.929,25
10.677222222222222,76.988,25
10.679166666666667,76.988,25
10.679444444444444,77.052,25
10.682222222222222,77.114,25
10.684722222222222,77.177,25
10.687222222222223,77.237,25
10.689444444444444,77.237,25
10.689444444444444,77.292,25
10.691666666666666,77.348,25
10.694166666666666,77.411,25
10.696666666666667,77.473,25
10.699444444444444,77.473,20
10.699444444444444,77.537,20
10.70138888888889,77.601,20
10.703333333333333,77.655,20
10.705,77.717,20
10.706666666666667,77.771,20
10.708333333333334,77.832,20
10.709722222222222,77.832,25
10.71,77.887,25
10.711666666666666,77.95,25
10.713333333333333,77.998,25
10.715,78.062,25
10.717222222222222,78.126,25
10.71888888888889,78.18,25
10.720277777777778,78.18,25
10.720555555555556,78.239,25
10.721944444444444,78.239,25
10.730277777777777,78.239,25
10.730833333333333,78.239,25
10.740277777777777,78.239,25
10.741666666666667,78.302,25
10.743333333333334,78.357,25
10.745555555555555,78.406,25
10.7475,78.47,25
10.749444444444444,78.532,25
10.750277777777777,78.532,25
10.750833333333333,78.586,25
10.7525,78.638,25
10.754444444444445,78.7,25
10.75611111111111,78.762,25
10.7575,78.819,25
10.759444444444444,78.883,25
10.760555555555555,78.883,26
10.760833333333334,78.933,26
10.761944444444444,78.975,26
10.763333333333334,79.036,26
10.765,79.098,26
10.766388888888889,79.138,26
10.767222222222221,79.177,26
10.768333333333333,79.231,26
10.769722222222223,79.285,26
10.770833333333334,79.285,26
10.771666666666667,79.336,26
10.773055555555555,79.395,26
10.773888888888889,79.444,26
10.775,79.462,26
10.776388888888889,79.524,26
10.777777777777779,79.584,26
10.778611111111111,79.621,26
10.78,79.683,26
10.78111111111111,79.683,26
10.78111111111111,79.727,26
10.782777777777778,79.789,26
10.784444444444444,79.85,26
10.785833333333333,79.912,26
10.786111111111111,79.934,26
10.7875,79.981,26
10.78888888888889,80.043,26
10.79,80.068,26
10.79111111111111,80.068,26
10.791666666666666,80.132,26
10.792222222222222,80.139,26
10.792222222222222,80.203,26
10.795,80.265,26
10.795277777777779,80.329,26
10.795277777777779,80.393,26
10.795555555555556,80.457,26
10.795833333333333,80.521,26
10.796111111111111,80.585,26
10.796388888888888,80.649,26
10.796666666666667,80.713,26
10.796666666666667,80.777,26
10.796944444444444,80.841,26
10.797222222222222,80.905,26
10.801666666666666,80.905,14
10.810555555555556,80.958,14
10.812222222222223,80.958,18
10.812222222222223,81.017,18
10.813888888888888,81.06,18
10.815,81.107,18
10.815833333333334,81.141,18
10.817222222222222,81.195,18
10.818333333333333,81.237,18
10.82,81.296,18
10.821666666666667,81.347,18
10.822222222222223,81.347,25
10.823055555555555,81.386,25
10.824444444444444,81.45,25
10.825833333333334,81.511,25
10.826666666666666,81.551,25
10.828333333333333,81.602,25
10.83,81.665,25
10.831111111111111,81.712,25
10.831388888888888,81.776,25
10.832222222222223,81.776,25
10.840277777777779,81.712,25
10.842222222222222,81.712,25
10.849444444444444,81.712,25
10.852222222222222,81.712,25
10.858333333333333,81.712,25
10.862222222222222,81.712,25
10.867222222222223,81.712,25
10.872222222222222,81.712,26
10.876111111111111,81.712,26
10.882222222222222,81.712,25
10.885277777777778,81.712,25
10.887777777777778,81.75,25
10.889444444444445,81.797,25
10.890555555555556,81.849,25
10.892222222222221,81.849,25
10.8925,81.888,25
10.893333333333333,81.939,25
10.895277777777778,81.995,25
10.89638888888889,82.037,25
10.897222222222222,82.062,25
10.898055555555555,82.109,25
10.898888888888889,82.129,25
10.900555555555556,82.185,25
10.901666666666667,82.208,25
10.902777777777779,82.208,25
10.902777777777779,82.269,25
10.904444444444444,82.32,25
10.905555555555555,82.35,25
10.907777777777778,82.414,25
10.909444444444444,82.466,25
10.911388888888888,82.528,25
10.9125,82.582,25
10.912777777777778,82.582,24
10.920277777777779,82.582,24
10.921944444444444,82.643,24
10.923333333333334,82.643,25
10.92388888888889,82.703,25
10.925,82.747,25
10.926666666666666,82.81,25
10.933333333333334,82.81,25
10.935555555555556,82.81,25
10.943333333333333,82.81,25
10.944444444444445,82.81,25
10.953333333333333,82.81,25
10.953333333333333,82.81,25
10.962222222222222,82.81,25
10.963333333333333,82.81,25
10.971388888888889,82.81,25
10.973055555555556,82.81,25
10.980277777777777,82.81,25
10.983333333333333,82.81,25
10.989166666666666,82.81,25
10.993333333333334,82.81,25
10.998333333333333,82.81,25
11.003333333333334,82.81,25
11.007222222222222,82.81,25
11.013333333333334,82.81,25
11.016388888888889,82.81,25
11.023333333333333,82.81,25
11.026666666666667,82.869,25
11.027222222222223,82.899,25
11.0275,82.963,25
11.027777777777779,83.027,25
11.028055555555556,83.091,25
11.028333333333334,83.155,25
11.028611111111111,83.219,25
11.028611111111111,83.283,25
11.028888888888888,83.347,25
11.029166666666667,83.411,25
11.029444444444444,83.475,25
11.033611111111112,83.475,25
11.040833333333333,83.524,25
11.04138888888889,83.588,25
11.041666666666666,83.652,25
11.041944444444445,83.716,25
11.042222222222222,83.78,25
11.0425,83.844,25
11.0425,83.908,25
11.043611111111112,83.908,25
11.050555555555556,83.95,25
11.052222222222222,84.011,25
11.053055555555556,84.043,25
11.054166666666667,84.043,25
11.055,84.106,25
11.055833333333334,84.133,25
11.056666666666667,84.172,25
11.05861111111111,84.229,25
11.06,84.288,25
11.061111111111112,84.351,25
11.062777777777777,84.409,25
11.064722222222223,84.409,25
11.064722222222223,84.467,25
11.066666666666666,84.522,25
11.068333333333333,84.585,25
11.07,84.642,25
11.071111111111112,84.701,25
11.072222222222223,84.732,25
11.0725,84.796,25
11.075,84.796,25
11.075555555555555,84.859,25
11.077222222222222,84.913,25
11.0775,84.977,25
11.08,85.033,25
11.081111111111111,85.096,25
11.0825,85.127,25
11.083333333333334,85.179,25
11.08361111111111,85.243,25
11.08388888888889,85.307,25
11.085555555555555,85.307,25
11.0875,85.368,25
11.088611111111112,85.388,25
11.088611111111112,85.452,25
11.091388888888888,85.511,25
11.092777777777778,85.573,25
11.09361111111111,85.602,25
11.09388888888889,85.666,25
11.094166666666666,85.73,25
11.095833333333333,85.73,25
11.096944444444444,85.734,25
11.096944444444444,85.798,25
11.099166666666667,85.83,25
11.100277777777778,85.879,25
11.101111111111111,85.898,25
11.10138888888889,85.962,25
11.103333333333333,86.015,25
11.104722222222222,86.07,25
11.105833333333333,86.07,25
11.105833333333333,86.099,25
11.107222222222223,86.136,25
11.108611111111111,86.186,25
11.109444444444444,86.221,25
11.109722222222222,86.285,25
11.111666666666666,86.323,25
11.111944444444445,86.387,25
11.113888888888889,86.429,25
11.114722222222222,86.459,25
11.116111111111111,86.459,25
11.116666666666667,86.513,25
11.1175,86.534,25
11.117777777777778,86.598,25
11.119722222222222,86.648,25
11.12111111111111,86.648,25
11.126111111111111,86.648,20
11.13,86.648,20
11.136666666666667,86.648,25
11.137777777777778,86.712,25
11.139444444444445,86.772,25
11.141111111111112,86.835,25
11.142777777777777,86.895,25
11.144722222222223,86.957,25
11.146666666666667,86.957,25
11.146666666666667,87.018,25
11.1475,87.067,25
11.149166666666666,87.12,25
11.15,87.167,25
11.151388888888889,87.203,25
11.152222222222223,87.26,25
11.154166666666667,87.32,25
11.15611111111111,87.373,25
11.156666666666666,87.373,25
11.158055555555556,87.433,25
11.159166666666666,87.486,25
11.161111111111111,87.55,25
11.162777777777778,87.61,25
11.164444444444445,87.657,25
11.165277777777778,87.708,25
11.167222222222222,87.708,25
11.167222222222222,87.752,25
11.169166666666667,87.812,25
11.170277777777779,87.848,25
11.1725,87.892,25
11.177222222222222,87.892,25
11.178055555555556,87.952,25
11.18,88.015,25
11.181666666666667,88.072,25
11.183055555555555,88.133,25
11.184166666666666,88.168,25
11.185555555555556,88.227,25
11.187222222222223,88.227,25
11.187777777777777,88.29,25
11.188888888888888,88.335,25
11.189722222222223,88.382,25
11.190833333333334,88.415,25
11.192222222222222,88.473,25
11.193888888888889,88.531,25
11.195833333333333,88.595,25
11.197222222222223,88.595,25
11.198055555555555,88.657,25
11.199444444444444,88.704,25
11.20111111111111,88.704,25
11.207222222222223,88.704,25
11.21,88.704,25
11.217222222222222,88.704,25
11.219166666666666,88.704,25
11.223888888888888,88.763,25
11.225277777777778,88.82,25
11.227222222222222,88.82,25
11.227222222222222,88.874,25
11.22861111111111,88.925,25
11.230833333333333,88.987,25
11.2325,89.048,25
11.234166666666667,89.104,25
11.235833333333334,89.158,25
11.2375,89.158,22
11.238333333333333,89.217,22
11.239444444444445,89.278,22
11.241111111111111,89.335,22
11.242777777777778,89.399,22
11.245,89.46,22
11.246666666666666,89.522,22
11.247777777777777,89.522,26
11.248611111111112,89.585,26
11.250277777777777,89.636,26
11.251666666666667,89.684,26
11.253333333333334,89.748,26
11.255,89.797,26
11.255833333333333,89.855,26
11.2575,89.912,26
11.257777777777777,89.912,27
11.259444444444444,89.953,27
11.260555555555555,90.012,27
11.261944444444444,90.065,27
11.265,90.112,27
11.266111111111112,90.175,27
11.268055555555556,90.175,27
11.268333333333333,90.235,27
11.27,90.298,27
11.27111111111111,90.329,27
11.2725,90.383,27
11.274166666666666,90.439,27
11.275833333333333,90.503,27
11.2775,90.566,27
11.278333333333334,90.566,27
11.278888888888888,90.619,27
11.280833333333334,90.672,27
11.2825,90.728,27
11.284444444444444,90.785,27
11.285555555555556,90.843,27
11.287222222222223,90.891,27
11.288611111111111,90.891,27
11.289166666666667,90.949,27
11.290277777777778,91.007,27
11.291666666666666,91.071,27
11.293333333333333,91.133,27
11.295277777777779,91.192,27
11.297222222222222,91.246,27
11.298333333333334,91.283,27
11.29861111111111,91.283,27
11.300277777777778,91.331,27
11.301388888888889,91.387,27
11.303055555555556,91.448,27
11.304722222222223,91.508,27
11.30638888888889,91.566,27
11.308055555555555,91.628,27
11.30861111111111,91.628,27
11.310277777777777,91.692,27
11.312222222222223,91.753,27
11.313888888888888,91.816,27
11.315,91.857,27
11.317222222222222,91.918,27
11.31861111111111,91.918,27
11.319166666666666,91.982,27
11.320833333333333,92.04,27
11.3225,92.101,27
11.324444444444444,92.163,27
11.32611111111111,92.224,27
11.327222222222222,92.265,27
11.328888888888889,92.265,27
11.328888888888889,92.323,27
11.330555555555556,92.385,27
11.331666666666667,92.43,27
11.334722222222222,92.43,27
11.336388888888889,92.493,27
11.337222222222222,92.542,27
11.339166666666667,92.542,21
11.339166666666667,92.591,21
11.341111111111111,92.655,21
11.341944444444444,92.693,21
11.349166666666667,92.693,26
11.351111111111111,92.693,26
11.359166666666667,92.693,25
11.36138888888889,92.746,25
11.362777777777778,92.807,25
11.364722222222222,92.864,25
11.366388888888888,92.928,25
11.3675,92.975,25
11.369444444444444,92.975,25
11.369444444444444,93.033,25
11.370833333333334,93.086,25
11.3725,93.149,25
11.374166666666667,93.212,25
11.375555555555556,93.274,25
11.377222222222223,93.333,25
11.379444444444445,93.333,26
11.379444444444445,93.397,26
11.380833333333333,93.461,26
11.3825,93.504,26
11.383888888888889,93.566,26
11.385833333333334,93.619,26
11.387222222222222,93.67,26
11.38888888888889,93.73,26
11.389444444444445,93.73,27
11.390555555555556,93.787,27
11.392777777777777,93.848,27
11.394444444444444,93.912,27
11.39611111111111,93.975,27
11.397222222222222,94.009,27
11.39861111111111,94.061,27
11.399444444444445,94.061,28
11.400833333333333,94.114,28
11.402777777777779,94.177,28
11.404166666666667,94.237,28
11.406666666666666,94.296,28
11.408333333333333,94.354,28
11.41,94.354,27
11.410833333333333,94.409,27
11.412777777777778,94.472,27
11.41388888888889,94.501,27
11.415555555555555,94.565,27
11.4175,94.629,27
11.418888888888889,94.687,27
11.42,94.687,27
11.421111111111111,94.747,27
11.422777777777778,94.806,27
11.424444444444445,94.865,27
11.425833333333333,94.923,27
11.426944444444445,94.964,27
11.428333333333333,94.964,27
11.43,94.964,27
11.434166666666666,95.007,27
11.439444444444444,95.067,27
11.44,95.067,27
11.442777777777778,95.123,27
11.4475,95.179,27
11.450277777777778,95.179,25
11.450277777777778,95.241,25
11.4525,95.281,25
11.454166666666667,95.341,25
11.456388888888888,95.401,25
11.458055555555555,95.464,25
11.459722222222222,95.523,25
11.460277777777778,95.523,24
11.461388888888889,95.582,24
11.463055555555556,95.642,24
11.465,95.699,24
11.466666666666667,95.763,24
11.468333333333334,95.824,24
11.470555555555556,95.824,25
11.470555555555556,95.888,25
11.471666666666666,95.918,25
11.473055555555556,95.981,25
11.473888888888888,96.027,25
11.475277777777778,96.072,25
11.475555555555555,96.136,25
11.475833333333334,96.2,25
11.479722222222222,96.261,25
11.480277777777777,96.261,24
11.480833333333333,96.303,24
11.482222222222223,96.365,24
11.483888888888888,96.418,24
11.48638888888889,96.478,24
11.488333333333333,96.531,24
11.49,96.587,24
11.490277777777777,96.587,25
11.491111111111111,96.631,25
11.492777777777778,96.694,25
11.494444444444444,96.756,25
11.49638888888889,96.82,25
11.498333333333333,96.879,25
11.500277777777777,96.879,27
11.500277777777777,96.941,27
11.501388888888888,96.991,27
11.503333333333334,97.053,27
11.504722222222222,97.116,27
11.506666666666666,97.18,27
11.508333333333333,97.18,27
11.510277777777778,97.18,27
11.515,97.233,27
11.516944444444444,97.294,27
11.518333333333333,97.345,27
11.52,97.409,27
11.520277777777778,97.409,28
11.52138888888889,97.469,28
11.523055555555555,97.53,28
11.524722222222222,97.575,28
11.525833333333333,97.606,28
11.526111111111112,97.67,28
11.528055555555556,97.727,28
11.529444444444444,97.773,28
11.530833333333334,97.773,28
11.53138888888889,97.834,28
11.533611111111112,97.897,28
11.535277777777777,97.959,28
11.537222222222223,98.023,28
11.539166666666667,98.081,28
11.54111111111111,98.081,28
11.54111111111111,98.128,28
11.542777777777777,98.19,28
11.544166666666667,98.242,28
11.545277777777779,98.297,28
11.546944444444444,98.361,28
11.55,98.425,28
11.551388888888889,98.425,24
11.5525,98.488,24
11.554166666666667,98.488,24
11.555833333333334,98.546,24
11.556666666666667,98.586,24
11.558333333333334,98.649,24
11.56,98.703,24
11.561666666666667,98.703,25
11.561666666666667,98.764,25
11.563611111111111,98.828,25
11.565833333333334,98.883,25
11.567777777777778,98.946,25
11.569166666666666,99.007,25
11.571666666666667,99.007,25
11.571666666666667,99.07,25
11.573888888888888,99.132,25
11.57611111111111,99.195,25
11.578611111111112,99.254,25
11.580555555555556,99.316,25
11.581944444444444,99.316,28
11.582777777777778,99.38,28
11.585,99.444,28
11.587222222222222,99.506,28
11.589166666666667,99.569,28
11.591944444444444,99.569,28
11.591944444444444,99.633,28
11.592777777777778,99.671,28
11.594444444444445,99.735,28
11.596111111111112,99.795,28
11.598055555555556,99.857,28
11.599722222222223,99.912,28
11.602222222222222,99.912,28
11.602222222222222,99.976,28
11.604722222222222,100.034,28
11.612222222222222,100.034,28
11.613611111111112,100.034,28
11.622222222222222,100.034,28
11.6225,100.034,28
11.62861111111111,100.091,28
11.631666666666666,100.154,28
11.632222222222222,100.154,27
11.636388888888888,100.206,27
11.639444444444445,100.259,27
11.641388888888889,100.322,27
11.642222222222221,100.322,27
11.645555555555555,100.385,27
11.648333333333333,100.449,27
11.652222222222223,100.449,27
11.6525,100.513,27
11.655277777777778,100.574,27
11.658055555555556,100.633,27
11.658611111111112,100.697,27
11.6625,100.697,25
11.665833333333333,100.633,25
11.668888888888889,100.696,25
11.670833333333333,100.753,25
11.6725,100.753,25
11.674166666666666,100.817,25
11.677777777777777,100.881,25
11.680833333333334,100.941,25
11.6825,100.941,27
11.684166666666666,101.005,27
11.6875,101.068,27
11.689722222222223,101.131,27
11.693055555555556,101.131,27
11.69361111111111,101.195,27
11.696944444444444,101.259,27
11.700277777777778,101.321,27
11.703055555555556,101.321,28
11.709166666666667,101.321,28
11.713055555555556,101.321,27
11.716944444444444,101.385,27
11.719722222222222,101.449,27
11.721944444444444,101.507,27
11.723888888888888,101.507,27
11.725,101.571,27
11.7275,101.633,27
11.729722222222222,101.694,27
11.732222222222223,101.757,27
11.733888888888888,101.757,27
11.735277777777778,101.821,27
11.738055555555556,101.885,27
11.740555555555556,101.948,27
11.74388888888889,101.948,29
11.747222222222222,102.009,29
11.749722222222223,102.073,29
11.752777777777778,102.136,29
11.754444444444445,102.136,29
11.755555555555556,102.196,29
11.758333333333333,102.259,29
11.761666666666667,102.321,29
11.764444444444445,102.321,23
11.764722222222222,102.385,23
11.768055555555556,102.449,23
11.770833333333334,102.512,23
11.774166666666666,102.576,23
11.774444444444445,102.576,25
11.776944444444444,102.64,25
11.78,102.704,25
11.7825,102.766,25
11.784444444444444,102.766,26
11.785277777777777,102.822,26
11.788333333333334,102.885,26
11.790555555555555,102.949,26
11.793055555555556,103.013,26
11.795,103.013,26
11.795833333333333,103.076,26
11.798333333333334,103.139,26
11.801111111111112,103.203,26
11.803611111111111,103.266,26
11.805277777777778,103.266,27
11.808333333333334,103.329,27
11.815833333333334,103.329,26
11.815833333333334,103.392,26
11.821944444444444,103.451,26
11.823611111111111,103.451,26
11.825833333333334,103.451,25
11.8325,103.451,25
11.835833333333333,103.451,25
11.841388888888888,103.451,25
11.845833333333333,103.451,25
11.855833333333333,103.451,25
11.857222222222223,103.514,25
11.865277777777777,103.578,25
11.865833333333333,103.578,25
11.874444444444444,103.64,25
11.876111111111111,103.64,18
11.881388888888889,103.704,18
11.886111111111111,103.704,19
11.88888888888889,103.768,19
11.89611111111111,103.768,21
11.897222222222222,103.83,21
11.905277777777778,103.894,21
11.906666666666666,103.894,21
11.912222222222223,103.958,21
11.916666666666666,103.958,22
11.920555555555556,104.022,22
11.926666666666666,104.022,25
11.928333333333333,104.086,25
11.936111111111112,104.148,25
11.936666666666667,104.148,25
11.944166666666666,104.211,25
11.946666666666667,104.211,24
11.951666666666666,104.273,24
11.956944444444444,104.273,25
11.959166666666667,104.337,25
11.961944444444445,104.37,25
11.966944444444444,104.37,25
11.96861111111111,104.434,25
11.974444444444444,104.497,25
11.9775,104.497,15
11.981111111111112,104.559,15
11.986666666666666,104.623,15
11.987777777777778,104.623,17
11.993333333333334,104.686,17
11.997777777777777,104.686,19
11.998888888888889,104.746,19
12.005277777777778,104.81,19
12.007777777777777,104.81,21
12.011666666666667,104.874,21
12.018055555555556,104.874,23
12.018888888888888,104.938,23
12.026111111111112,105.002,23
12.026388888888889,105.066,23
12.028055555555556,105.066,25
12.035277777777777,105.002,25
12.038055555555555,105.002,25
12.044166666666667,105.002,25
12.048055555555555,105.002,25
12.053333333333333,105.002,25
12.058055555555555,105.002,25
12.062222222222223,105.002,25
12.068055555555556,105.002,25
12.071666666666667,105.002,25
12.078055555555556,105.002,25
12.080555555555556,105.002,25
12.088055555555556,105.002,22
12.094722222222222,105.064,22
12.098055555555556,105.064,25
12.100555555555555,105.127,25
12.106388888888889,105.19,25
12.108055555555556,105.19,25
12.111944444444445,105.253,25
12.118055555555555,105.253,25
12.118333333333334,105.316,25
12.124166666666667,105.379,25
12.128055555555555,105.379,24
12.130277777777778,105.443,24
12.135277777777778,105.498,24
12.138055555555555,105.498,25
12.139444444444445,105.562,25
12.144166666666667,105.616,25
12.146944444444445,105.677,25
12.14861111111111,105.677,25
12.150833333333333,105.72,25
12.153611111111111,105.778,25
12.1575,105.833,25
12.159166666666666,105.833,25
12.161666666666667,105.896,25
12.165,105.96,25
12.169444444444444,105.96,25
12.169722222222223,106.024,25
12.177222222222222,106.088,25
12.179444444444444,106.088,24
12.18388888888889,106.152,24
12.189444444444444,106.152,11
12.19138888888889,106.216,11
12.196666666666667,106.278,11
12.199722222222222,106.278,15
12.2025,106.342,15
12.20861111111111,106.406,15
12.21,106.406,22
12.215277777777779,106.47,22
12.22,106.47,22
12.221666666666666,106.534,22
12.227222222222222,106.598,22
12.23,106.598,22
12.234722222222222,106.662,22
12.24,106.662,25
12.240555555555556,106.726,25
12.246666666666666,106.79,25
12.25,106.79,25
12.253055555555555,106.852,25
12.259166666666667,106.916,25
12.26,106.916,25
12.265555555555556,106.98,25
12.27,106.98,25
12.27361111111111,107.044,25
12.279444444444444,107.108,25
12.28,107.108,26
12.280833333333334,107.118,26
12.2875,107.182,26
12.29,107.182,28
12.296388888888888,107.182,28
12.3,107.182,18
12.305555555555555,107.182,18
12.31,107.182,25
12.314444444444444,107.182,25
12.320277777777777,107.182,25
12.323333333333334,107.182,25
12.330277777777777,107.182,25
12.332222222222223,107.182,25
12.340277777777779,107.182,26
12.341111111111111,107.182,26
12.350277777777778,107.182,26
12.350277777777778,107.182,26
12.359166666666667,107.182,26
12.360277777777778,107.182,26
12.368333333333334,107.182,26
12.370277777777778,107.182,26
12.380555555555556,107.182,25
12.381388888888889,107.244,25
12.387777777777778,107.308,25
12.391111111111112,107.308,25
12.394444444444444,107.371,25
12.400555555555556,107.435,25
12.401111111111112,107.435,25
12.407222222222222,107.495,25
12.411111111111111,107.495,19
12.413055555555555,107.555,19
12.419444444444444,107.619,19
12.421111111111111,107.619,20
12.426111111111112,107.683,20
12.429722222222223,107.747,20
12.43138888888889,107.747,25
12.434444444444445,107.81,25
12.4375,107.873,25
12.440555555555555,107.936,25
12.44138888888889,107.936,25
12.44361111111111,108.0,25
12.44361111111111,108.064,25
12.443888888888889,108.0,25
12.446111111111112,108.064,25
12.4475,108.123,25
12.45138888888889,108.123,27
12.456666666666667,108.123,27
12.461388888888889,108.123,27
12.465555555555556,108.123,27
12.471388888888889,108.123,27
12.474444444444444,108.123,27
12.481388888888889,108.123,27
12.483611111111111,108.123,27
12.491388888888888,108.123,27
12.4925,108.123,27
12.501388888888888,108.123,27
12.501388888888888,108.123,27
12.510277777777778,108.123,27
12.511388888888888,108.123,19
12.514722222222222,108.187,19
12.517222222222221,108.248,19
12.519722222222223,108.311,19
12.52138888888889,108.311,27
12.5225,108.374,27
12.525,108.438,27
12.527777777777779,108.502,27
12.53,108.565,27
12.53138888888889,108.565,27
12.532222222222222,108.628,27
12.534722222222221,108.692,27
12.537222222222223,108.755,27
12.539722222222222,108.817,27
12.54138888888889,108.817,27
12.5425,108.88,27
12.544722222222223,108.942,27
12.546666666666667,109.006,27
12.549444444444445,109.07,27
12.551944444444445,109.07,27
12.552222222222222,109.132,27
12.554444444444444,109.194,27
12.556944444444444,109.258,27
12.559444444444445,109.322,27
12.561388888888889,109.386,27
12.561944444444444,109.386,27
12.564444444444444,109.446,27
12.56638888888889,109.51,27
12.56861111111111,109.574,27
12.5725,109.574,27
12.573611111111111,109.638,27
12.578333333333333,109.702,27
12.5825,109.702,26
